[
{
  "id":"frontDoor.switch1",
  "canAdress": "N/A",
  "port": 123,
  "type":"SWITCH",
  "state": {
    "pressed": false
  }

},
{
  "id":"kitchen.switch1",
  "canAdress": "N/A",
  "port": 123,
  "type":"SWITCH",
  "state":  {
    "pressed": false
  }

},
{
  "id":"livingRoom.switch1",
  "canAdress": "N/A",
  "port": 123,
  "type":"SWITCH",
  "state": {
    "pressed": false
  }

},
{
  "id":"livingRoom.switch2",
  "canAdress": "N/A",
  "port": 123,
  "type":"SWITCH",
  "state": {
    "pressed": false
  }

},
{
  "id":"bedroom.switch1",
  "canAdress": "N/A",
  "port": 123,
  "type":"SWITCH",
  "state": {
    "pressed": false
  }

},
{
  "id":"bedroom.switch2",
  "canAdress": "N/A",
  "port": 123,
  "type":"SWITCH",
  "state": {
    "pressed": false
  }

},


{
  "id":"light_out01",
  "canAdress": "N/A",
  "port": 123,
  "type":"LIGHT",
  "state": {
    "value": 0
  }

},{
  "id":"light_out02",
  "canAdress": "N/A",
  "port": 123,
  "type":"LIGHT",
  "state": {
    "value": 0
  }

},{
  "id":"light_out03",
  "canAdress": "N/A",
  "port": 123,
  "type":"LIGHT",
  "state": {
    "value": 0
  }

},{
  "id":"light_out04",
  "canAdress": "N/A",
  "port": 123,
  "type":"LIGHT",
  "state": {
    "value": 0
  }

},{
  "id":"light_out05",
  "canAdress": "N/A",
  "port": 123,
  "type":"LIGHT",
  "state": {
    "value": 0
  }

},{
  "id":"light_out06",
  "canAdress": "N/A",
  "port": 123,
  "type":"LIGHT",
  "state": {
    "value": 0
  }

},{
  "id":"light_out07",
  "canAdress": "N/A",
  "port": 123,
  "type":"LIGHT",
  "state": {
    "value": 0
  }
},
{
  "id":"light_out08",
  "canAdress": "N/A",
  "port": 123,
  "type":"LIGHT",
  "state": {
    "value": 0
  }

}
]



