{
  "living_toggle1":{
    "checked":false
  },
  "living_toggle2":{
    "checked":true
  },
  "living_slider1":{
    "value":21
  },
  "kitchen_toggle1":{
    "checked":true
  },
  "kitchen_toggle2":{
    "checked":true
  },
  "kitchen_slider1":{
    "value":23
  },
  "bedroom_toggle1":{
    "checked":true
  },
  "bedroom_toggle2":{
    "checked":true
  },
  "bedroom_slider1":{
    "value":21
  },
  "lamp01":{
    "checked":false
  },
  "lamp02":{
    "checked":false
  },
  "lamp03":{
    "checked":false
  },
  "lamp04":{
    "checked":false
  },
  "lamp05":{
    "checked":false
  },
  "lamp06":{
    "checked":false
  },
  "lamp07":{
    "checked":false
  },
  "lamp08":{
    "checked":false
  }

}


